<beans xmlns="http://www.springframework.org/schema/beans"
	xmlns:mvc="http://www.springframework.org/schema/mvc" 
	xmlns:webflow="http://www.springframework.org/schema/webflow-config"
	xmlns:context="http://www.springframework.org/schema/context"
	xmlns:xsi="http://www.w3.org/2001/XMLSchema-instance"
	xsi:schemaLocation="
         http://www.springframework.org/schema/beans
 	     http://www.springframework.org/schema/beans/spring-beans.xsd
   		 http://www.springframework.org/schema/mvc 
         http://www.springframework.org/schema/mvc/spring-mvc.xsd
         http://www.springframework.org/schema/webflow-config
         http://www.springframework.org/schema/webflow-config/spring-webflow-config.xsd
         http://www.springframework.org/schema/context
         http://www.springframework.org/schema/context/spring-context.xsd">

	<context:component-scan base-package="com.niit.*" />

	<bean
		class="org.springframework.web.servlet.view.InternalResourceViewResolver">
		<property name="prefix">
			<value>/views/</value>
		</property>
		<property name="suffix">
			<value>.jsp</value>
		</property>
	</bean>
	<bean id="multipartResolver"
		class="org.springframework.web.multipart.commons.CommonsMultipartResolver" />

	<mvc:resources mapping="/resources/**" location="/resources/" />
	<mvc:annotation-driven />
	
	<context:annotation-config />

	<!-- provide Your Base package to scan annotations for components -->
	<context:component-scan base-package="com.niit" />
	
</beans>